Model, Price
2016 Mazda 2 Maxx,"$15,995"
2009 Mazda 3 NEO,"$10,888"
2018 Mazda 3 SP25 Astina (5YR),"$29,990"
2010 Mazda 3 Maxx,"$10,995"
2015 Mazda 6 Touring,"$22,998"
2005 Mazda 3 SP23,"$8,690"
2011 Mazda 3 SP25,"$14,990"
2008 Mazda 3 Maxx,"$7,990"
2017 Mazda 6 Atenza,"$29,995"
2006 Mazda 3 SP23,"$4,990"
2020 Mazda 3 G20 Evolve Vision,"$24,990"
2015 Mazda 3 Touring,"$19,990"
2018 Mazda 2 NEO,"$19,990"

2016 Mazda 2 Maxx,"$15,995"
2009 Mazda 3 NEO,"$10,888"
2018 Mazda 3 SP25 Astina (5YR),"$29,990"
2010 Mazda 3 Maxx,"$10,995"
2015 Mazda 6 Touring,"$22,998"
2005 Mazda 3 SP23,"$8,690"
2011 Mazda 3 SP25,"$14,990"
2008 Mazda 3 Maxx,"$7,990"
2017 Mazda 6 Atenza,"$29,995"
2006 Mazda 3 SP23,"$4,990"
2020 Mazda 3 G20 Evolve Vision,"$24,990"
2015 Mazda 3 Touring,"$19,990"
2018 Mazda 2 NEO,"$19,990"

2015 Mazda 2 NEO,"$15,000"
2022 Mazda 6 GT SP,"$52,988"
2019 Mazda 6 GT,"$36,590"
2021 Mazda 3 G20 Touring,"$35,999"
2018 Mazda 6 GT,"$36,990"
2019 Mazda 3 G25 Astina,"$35,990"
2013 Mazda 3 NEO,"$14,995"
2016 Mazda 3 Maxx,"$22,490"
2014 Mazda 3 SP25 GT,"$17,999"
2008 Mazda 3 NEO,"$7,990"
2010 Mazda 3 SP25,"$10,990"
2012 Mazda 3 NEO,"$14,489"
2022 Mazda 2 G15 GT,"$30,388"

2013 Mazda 3 NEO,"$14,995"
2014 Mazda 6 Touring,"$19,422"
2014 Mazda 3 SP25,"$17,990"
2009 Mazda 3 Maxx,"$13,990"
2015 Mazda 3 Maxx,"$22,888"
2022 Mazda 3 G20 Touring,"$36,700"
2016 Mazda 6 Touring,"$21,990"
2016 Mazda 3 NEO,"$21,888"
2020 Mazda 3 G20 Pure,"$30,998"
2022 Mazda 6 Atenza,"$56,388"
2018 Mazda 3 SP25 Astina,"$28,990"
2014 Mazda 6 Touring,"$17,995"
2022 Mazda 3 G25 GT,"$40,988"

2005 Mazda 3 SP23,"$8,995"
2021 Mazda 3 G20 Pure,"$31,999"
2010 Mazda 3 NEO,"$13,000"
2012 Mazda 3 Maxx Sport,"$14,999"
2021 Mazda 6 Atenza,"$46,990"
2022 Mazda 3 G25 Astina,"$45,288"
2007 Mazda 3 Maxx Sport,"$7,750"
2010 Mazda 2 Maxx,"$12,490"
2017 Mazda 6 Atenza,"$30,990"
2005 Mazda 3 NEO,"$7,996"
2012 Mazda 3 NEO,"$13,999"
2005 Mazda 6 Limited,"$6,999"
2022 Mazda 6 Touring,"$39,890"

2022 Mazda 6 Touring,"$39,890"
2020 Mazda 6 Atenza,"$47,999"
2017 Mazda 6 Touring,"$26,490"
2002 Mazda 6 Luxury,"$6,990"
2005 Mazda 3 Maxx,"$5,999"
1999 Mazda 626 Limited,"$4,000"
2006 Mazda 3 SP23,"$6,199"
2013 Mazda 6 Sport,"$19,990"
2017 Mazda 3 SP25 Astina,"$20,489"
2017 Mazda 3 SP25,"$24,990"
2017 Mazda 3 Maxx,"$20,000"
2011 Mazda 6 Touring,"$8,995"
2007 Mazda 3 SP23,"$11,990"

2013 Mazda 3 NEO,"$7,900"
2016 Mazda 3 Touring,"$16,962"
2010 Mazda 3 NEO,"$12,996"
2013 Mazda 6 Atenza,"$19,922"
2010 Mazda 3 Maxx,"$8,995"
2022 Mazda 2 G15 GT,"$30,988"
2013 Mazda 3 NEO,"$11,000"
2019 Mazda 3 G25 Astina,"$31,890"
2018 Mazda 6 GT,"$32,995"
2009 Mazda 3 Maxx Sport,"$8,000"
2022 Mazda 2 G15 GT,"$30,988"
2022 Mazda 3 G25 GT,"$39,988"
2005 Mazda 3 Maxx,"$7,480"

2017 Mazda 3 SP25 GT,"$28,490"
2007 Mazda 3 SP23,"$5,500"
2005 Mazda 6 Limited,"$5,850"
2008 Mazda 3 NEO Sport,"$6,200"
2020 Mazda 3 G25 Astina,"$36,990"
2003 Mazda 6 Luxury,"$5,650"
2006 Mazda 6 MPS (leather),"$12,000"
2011 Mazda 3 SP25,"$7,500"
2022 Mazda 6 Atenza,"$56,270"
2010 Mazda 3 Diesel,"$7,500"
2011 Mazda 3 SP25,"$13,890"
2021 Mazda 3 G25 Evolve SP,"$35,990"
2021 Mazda 3 G25 Evolve,"$32,888"

2021 Mazda 3 G20 Touring,"$34,990"
2018 Mazda 6 GT,"$29,990"
2019 Mazda 3 G20 Touring,"$30,990"
2018 Mazda 3 Maxx Sport,"$22,990"
2009 Mazda 3 NEO,"$15,990"
2013 Mazda 3 NEO,"$14,990"
2020 Mazda 3 G20 Evolve,"$29,990"
2005 Mazda 3 Maxx,"$7,990"
2016 Mazda 3 Maxx,"$19,688"
2013 Mazda 3 NEO,"$8,500"
2011 Mazda 3 SP25,"$11,990"
2008 Mazda 3 NEO,"$8,990"
2012 Mazda 6 Touring,"$16,990"

2019 Mazda 3 G25 Astina,"$33,990"
2012 Mazda 3 NEO,"$11,990"
2013 Mazda 3 NEO,"$16,990"
2014 Mazda 3 SP25 GT,"$22,998"
2017 Mazda 2 NEO,"$22,990"
2015 Mazda 3 Touring,"$17,990"
2013 Mazda 6 GT,"$15,990"
2018 Mazda 3 Maxx Sport,"$22,990"
2016 Mazda 3 SP25,"$24,990"
2009 Mazda 3 SP25,"$12,990"
2013 Mazda 3 NEO,"$11,623"
2008 Mazda 3 NEO,"$5,980"
2005 Mazda 3 NEO,"$5,990"

2012 Mazda 3 SP25,"$12,250"
2007 Mazda 3 NEO,"$8,413"
2016 Mazda 6 Sport,"$19,990"
2011 Mazda 3 NEO,"$6,980"
2010 Mazda 3 NEO,"$8,913"
2015 Mazda 3 NEO,"$14,990"
2009 Mazda 3 NEO,"$6,950"
2019 Mazda 6 Sport,"$28,950"
2019 Mazda 3 G25 Evolve,"$29,990"
2017 Mazda 3 Maxx,"$23,888"
2008 Mazda 6 Limited,"$9,988"
2018 Mazda 3 SP25 GT,"$28,000"
2005 Mazda 3 NEO,"$4,990"

2013 Mazda 3 NEO,"$12,888"
2019 Mazda 3 Maxx Sport (5YR),"$25,990"
2009 Mazda 3 SP25,"$11,670"
2015 Mazda 3 SP25 GT,"$22,900"
2018 Mazda 3 Maxx Sport,"$19,870"
2014 Mazda 6 Atenza,"$21,500"
2016 Mazda 3 SP25 GT,"$22,670"
2018 Mazda 3 Touring (5YR),"$21,888"
2018 Mazda 6 GT,"$39,100"
2017 Mazda 3 SP25,"$24,990"
2014 Mazda 3 Maxx,"$17,888"
2013 Mazda 6 Sport,"$18,870"
2007 Mazda 3 NEO,"$6,990"

2014 Mazda 3 Maxx,"$17,990"
2013 Mazda 3 Maxx,"$19,990"
2011 Mazda 3 NEO,"$8,930"
2008 Mazda 3 Maxx Sport,"$7,950"
2006 Mazda 3 Maxx Sport,"$8,995"
2016 Mazda 6 GT,"$22,910"
2012 Mazda 3 NEO,"$9,950"
2000 Mazda 626 Classic,"$4,995"
2020 Mazda 3 G25 Astina,"$37,990"
2019 Mazda 3 G20 Pure,"$26,999"
2014 Mazda 3 SP25 GT,"$19,988"
2019 Mazda 6 Atenza,"$39,880"
2018 Mazda 3 NEO Sport (5YR),"$25,888"

2019 Mazda 3 G20 Pure,"$29,999"
2008 Mazda 3 Maxx Sport,"$10,990"
2016 Mazda 3 SP25 GT,"$24,990"
2008 Mazda 3 Maxx,"$7,990"
2009 Mazda 3 Maxx,"$11,888"
2005 Mazda 3 Maxx Sport,"$7,990"
2016 Mazda 2 NEO,"$12,990"
2006 Mazda 3 NEO,"$10,490"
2008 Mazda 3 Maxx,"$9,999"
2008 Mazda 3 NEO,"$13,999"
2017 Mazda 6 Atenza,"$32,990"
2015 Mazda 6 Touring Safety,"$15,990"
2016 Mazda 3 Maxx,"$19,999"

2018 Mazda 3 SP25,"$31,078"
2017 Mazda 3 Touring,"$30,450"
2007 Mazda 3 SP23,"$8,488"
2015 Mazda 6 Touring,"$22,998"
2016 Mazda 3 SP25,"$23,990"
2010 Mazda 3 NEO,"$14,488"
2012 Mazda 3 NEO,"$15,295"
2014 Mazda 3 Maxx,"$20,990"
2016 Mazda 3 Maxx,"$24,990"
2017 Mazda 2 NEO,"$18,000"
2006 Mazda 3 NEO,"$3,100"
2021 Mazda 3 G20 Evolve,"$29,990"
2014 Mazda 6 GT,"$14,000"

2006 Mazda 3 Maxx,"$8,990"
2021 Mazda 6 Atenza,"$49,450"
2016 Mazda 2 Maxx,"$19,990"
2008 Mazda 3 Maxx Sport,"$9,888"
2009 Mazda 3 Maxx,"$10,999"
2021 Mazda 3 X20 Astina M Hybrid,"$47,450"
2016 Mazda 3 SP25 GT,"$27,888"
2020 Mazda 3 G20 Pure,"$31,450"
2009 Mazda 3 SP25,"$16,990"
2021 Mazda 6 Sport,"$35,990"
2018 Mazda 6 Atenza,"$35,990"
2021 Mazda 6 Atenza,"$51,990"
2013 Mazda 3 NEO,"$12,880"

2011 Mazda 6 Luxury,"$10,800"
2007 Mazda 3 NEO,"$6,800"
2012 Mazda 3 NEO,"$13,800"
2021 Mazda 3 G20 Evolve,"$36,450"
2022 Mazda 3 G25 Astina,"$44,450"
2019 Mazda 3 G20 Touring,"$31,990"
2004 Mazda 3 NEO,"$8,499"
2021 Mazda 6 GT SP,"$48,950"
2017 Mazda 3 Touring,"$23,990"
2005 Mazda 3 Maxx Sport,"$8,499"
2016 Mazda 3,"$19,250"
2019 Mazda 2 Maxx (5YR),"$22,990"
2013 Mazda 3 NEO,"$12,499"

2018 Mazda 6 Atenza,"$36,480"
2014 Mazda 3 SP25 GT,"$26,990"
2014 Mazda 3 Maxx,"$14,499"
2014 Mazda 3 Touring,"$12,990"
2010 Mazda 3 NEO,"$11,490"
2013 Mazda 3 Maxx Sport,"$15,990"
2020 Mazda 3 G20 Evolve Vision,"$24,990"
2013 Mazda 6 GT,"$22,990"
2011 Mazda 3 NEO,"$14,490"
2015 Mazda 3 Touring,"$15,490"
2017 Mazda 3 Touring,"$24,990"
2006 Mazda 6 Classic,"$5,490"
2015 Mazda 3 Maxx,"$21,990"

2009 Mazda 6 Luxury,"$9,888"
2013 Mazda 6 GT,"$23,488"
2017 Mazda 3 Touring,"$19,500"
2001 Mazda 626 Classic,"$4,600"
2008 Mazda 6 Luxury,"$8,500"
2020 Mazda 3 G25 Astina,"$40,990"
2003 Mazda 6 Luxury,"$6,990"
2004 Mazda 6 Limited,"$4,500"
2007 Mazda 6 MPS (leather),"$20,990"
2015 Mazda 3 SP25 GT,"$24,990"
2012 Mazda 3 NEO,"$13,499"
2014 Mazda 3 Touring,"$14,990"
2015 Mazda 3 SP25,"$19,990"

2011 Mazda 3 SP25,"$11,990"
2010 Mazda 3 SP25,"$11,990"
2017 Mazda 3 Touring,"$25,990"
2016 Mazda 3 Maxx,"$25,990"
2021 Mazda 3 G25 Evolve,"$34,990"
2012 Mazda 3 NEO,"$16,999"
2014 Mazda 3 SP25 GT,"$21,519"
2016 Mazda 6 Sport,"$23,450"
2017 Mazda 6 Atenza,"$31,999"
2018 Mazda 6 GT,"$29,990"
2007 Mazda 3 SP23,"$8,990"
2013 Mazda 3 NEO,"$13,990"
2021 Mazda 3 G20 Evolve,"$31,980"

2021 Mazda 3 G20 Pure,"$33,990"
2016 Mazda 3 Touring,"$19,880"
2017 Mazda 3 Touring,"$26,419"
2006 Mazda 3 SP23,"$9,990"
2018 Mazda 6 GT,"$36,990"
2005 Mazda 3 NEO,"$7,990"
2016 Mazda 6 Touring,"$31,419"
2019 Mazda 3 G25 GT,"$32,912"
2012 Mazda 3 NEO,"$12,990"
2015 Mazda 3 SP25 GT,"$16,990"
2022 Mazda 3 G25 GT,"$41,110"
2011 Mazda 3 NEO,"$12,990"
2014 Mazda 3 Maxx,"$19,995"

2013 Mazda 3 NEO,"$16,995"
2022 Mazda 3 G20 Touring,"$36,990"
2021 Mazda 3 G20 Pure Vision,"$30,999"
2011 Mazda 3 NEO,"$11,948"
2009 Mazda 3 NEO,"$12,995"
2021 Mazda 2 G15 Pure,"$22,990"
2016 Mazda 3 SP25 Astina,"$23,290"
2021 Mazda 6 GT SP,"$49,990"
2012 Mazda 3 NEO,"$15,975"
2015 Mazda 3 SP25 GT,"$23,995"
2019 Mazda 6 Touring (5YR),"$32,990"
2010 Mazda 3 NEO,"$13,999"
2018 Mazda 6 GT,"$33,950"

2013 Mazda 3 NEO,"$13,595"
2015 Mazda 6 Touring,"$21,990"
2018 Mazda 3 Touring,"$24,930"
2016 Mazda 6 Touring,"$24,900"
2011 Mazda 3 NEO,"$11,990"
2006 Mazda 3 SP23,"$9,995"
2013 Mazda 6 GT,"$22,990"
2015 Mazda 3 SP25,"$22,894"
2013 Mazda 3 NEO,"$14,850"
2020 Mazda 3 X20 Astina M Hybrid,"$37,590"
2004 Mazda 6 Classic,"$2,990"
2022 Mazda 3 G25 GT,"$41,217"
2022 Mazda 6 GT SP,"$52,368"

2009 Mazda 6 Classic,"$8,999"
2010 Mazda 3 SP25,"$13,990"
2018 Mazda 6 GT,"$38,140"
2016 Mazda 3 SP25 Astina,"$21,498"
2009 Mazda 3 SP25,"$10,950"
2018 Mazda 6 Atenza,"$39,990"
2017 Mazda 3 Maxx,"$25,990"
2018 Mazda 6 Sport (5YR),"$35,325"
2006 Mazda 3 NEO,"$8,995"
2009 Mazda 3 NEO,"$11,999"
2015 Mazda 3 Touring,"$19,990"
2021 Mazda 2 G15 Pure,"$25,980"
2018 Mazda 3 SP25 Astina,"$31,990"

2004 Mazda 3 Maxx Sport,"$2,990"
2022 Mazda 6 Atenza,"$54,863"
2005 Mazda 3 Maxx,"$9,950"
2018 Mazda 6 Atenza,"$36,080"
2018 Mazda 6 Atenza,"$36,977"
2022 Mazda 6 Touring,"$40,888"
2022 Mazda 6 Touring,"$40,888"
2013 Mazda 3 NEO,"$10,500"
2022 Mazda 6 GT SP,"$49,968"
2021 Mazda 2 G15 GT,"$29,990"
2022 Mazda 6 Atenza,"$55,745"
2011 Mazda 3 SP20 Skyactiv,"$10,300"
2007 Mazda 3 Maxx Sport,"$7,999"

2022 Mazda 6 Atenza,"$53,888"
2019 Mazda 3 G20 Evolve,"$30,990"
2010 Mazda 3 NEO,"$12,500"
2016 Mazda 3 SP25 GT,"$22,500"
2002 Mazda 323 Protege,"$3,999"
2018 Mazda 2 NEO,"$19,999"
2010 Mazda 3 NEO,"$9,999"
2017 Mazda 3 NEO,"$19,900"
2005 Mazda 3 Maxx Sport,"$7,999"
2021 Mazda 3 G20 Pure,"$22,900"
2010 Mazda 3 NEO,"$10,500"
2017 Mazda 3 SP25 Astina,"$23,888"
2016 Mazda 3 SP25,"$20,000"

2013 Mazda 3 NEO,"$10,490"
2010 Mazda 6 Classic,"$11,999"
2018 Mazda 3 Maxx Sport,"$24,000"
2013 Mazda 3 NEO,"$11,999"
2014 Mazda 3 SP25 Astina,"$17,200"
2014 Mazda 3 NEO,"$21,500"
2011 Mazda 3 NEO,"$12,990"
2022 Mazda 3 G20 Touring,"$38,000"
2004 Mazda 3 NEO,"$7,999"
2016 Mazda 3 SP25 GT,"$21,412"
2014 Mazda 3 Maxx,"$15,989"
2011 Mazda 6 Touring,"$10,800"
2006 Mazda 3 SP23,"$9,000"

2012 Mazda 3 NEO,"$11,999"
2017 Mazda 6 GT,"$26,750"
2017 Mazda 6 Sport,"$24,990"
2021 Mazda 2 G15 Pure,"$22,990"
2009 Mazda 3 SP25,"$9,999"
2017 Mazda 3 SP25 Astina,"$28,999"
2007 Mazda 3 SP23,"$5,990"
2006 Mazda 3 SP23,"$8,000"
2006 Mazda 3 Maxx,"$7,500"
2018 Mazda 3 Maxx Sport (5YR),"$24,980"
2004 Mazda 6 Classic,"$4,990"
2016 Mazda 3 Maxx,"$22,490"
2015 Mazda 3 SP25 Astina,"$20,000"

2004 Mazda 3 NEO,"$6,450"
2006 Mazda 6 Classic,"$5,999"
2022 Mazda 6 Atenza,"$56,436"
2003 Mazda 323 Protege,"$5,999"
1992 Mazda 121,"$4,995"
2000 Mazda 626 Limited,"$5,499"
2008 Mazda 6 Limited,"$6,000"
1995 Mazda 626 SDX,"$5,000"
2006 Mazda 3 Maxx Sport,"$3,000"
2017 Mazda 6 Sport,"$29,990"
2012 Mazda 6 GT,"$22,444"
2021 Mazda 6 Atenza,"$50,990"
2012 Mazda 6 Sport,"$19,990"

2012 Mazda 3 NEO,"$17,990"
2015 Mazda 3 SP25,"$25,990"
2006 Mazda 3 NEO,"$7,999"
2011 Mazda 3 Maxx Sport,"$9,499"
2010 Mazda 6 Classic,"$16,999"
2020 Mazda 3 G25 GT,"$32,999"
2008 Mazda 3 NEO Sport,"$8,499"
2006 Mazda 3 Maxx,"$7,990"
2003 Mazda 6 Classic,"$4,500"
2015 Mazda 6 Atenza,"$15,990"
2012 Mazda 3 NEO,"$12,995"
2012 Mazda 3 NEO,"$11,990"
2009 Mazda 3 SP25,"$14,990"

2010 Mazda 3 SP25,"$10,990"
2017 Mazda 3 Maxx,"$24,990"
2004 Mazda 3 Maxx,"$2,800"
2016 Mazda 6 Touring,"$25,990"
2020 Mazda 3 G20 Pure,"$29,990"
2008 Mazda 6 Limited,"$10,990"
2022 Mazda 3 G20 Evolve,"$33,490"
2010 Mazda 3 SP25,"$13,888"
2020 Mazda 6 Touring,"$36,490"
2022 Mazda 6 GT SP,"$51,250"
2009 Mazda 6 Classic,"$8,990"
2010 Mazda 6 Classic,"$14,990"
2013 Mazda 6 GT,"$22,990"

2017 Mazda 6 Atenza,"$33,980"
2013 Mazda 3 NEO,"$14,990"
2019 Mazda 6 GT,"$39,990"
2012 Mazda 6 Touring,"$13,990"
2019 Mazda 3 G20 Evolve,"$29,910"
2017 Mazda 2 NEO,"$15,990"
2016 Mazda 3 Maxx,"$21,990"
2020 Mazda 3 G20 Pure,"$29,990"
2016 Mazda 3 Maxx,"$21,000"
2010 Mazda 3 NEO,"$8,500"
2016 Mazda 3 Maxx,"$21,880"
2010 Mazda 3 Maxx,"$12,990"
2010 Mazda 3 SP25,"$14,990"

2010 Mazda 3 NEO,"$15,990"
2021 Mazda 6 Sport,"$32,990"
2006 Mazda 6 MPS,"$18,990"
2019 Mazda 6 GT,"$34,990"
2019 Mazda 6 Atenza,"$39,990"
2016 Mazda 3 Touring,"$27,990"
2013 Mazda 3 NEO,"$10,000"
2017 Mazda 3 Maxx,"$15,000"
2014 Mazda 3 Touring,"$15,990"
2008 Mazda 3 NEO,"$2,000"
2012 Mazda 3 SP20 Skyactiv,"$12,956"
2015 Mazda 3 NEO,"$19,752"
2010 Mazda 3 NEO,"$7,950"

2019 Mazda 3 Touring (5YR),"$29,985"
2010 Mazda 3 Maxx Sport,"$12,979"
2016 Mazda 3 NEO,"$21,888"
2015 Mazda 3 Maxx,"$22,888"
2018 Mazda 3 SP25,"$25,990"
2011 Mazda 3 NEO,"$11,990"
2019 Mazda 3 G25 GT,"$31,990"
2021 Mazda 6 Atenza,"$46,990"
2018 Mazda 3 SP25 Astina,"$28,990"
2018 Mazda 3 SP25 GT,"$27,489"
2022 Mazda 2 G15 GT,"$29,999"
2017 Mazda 3 SP25 Astina,"$24,990"
2015 Mazda 3 SP25,"$21,000"

2014 Mazda 3 SP25,"$19,900"
2012 Mazda 3 NEO,"$14,999"
2013 Mazda 3 NEO,"$9,499"
2014 Mazda 3 Maxx,"$17,990"
2013 Mazda 6 Touring,"$17,988"
2007 Mazda 3 SP23,"$7,200"
2017 Mazda 3 NEO,"$16,300"
2021 Mazda 3 G20 Touring,"$34,500"
2020 Mazda 3 G20 Evolve,"$27,397"
2018 Mazda 3 SP25 GT,"$27,182"
2020 Mazda 3 G20 Evolve,"$29,990"
2014 Mazda 6 Atenza,"$16,990"
2018 Mazda 2 Maxx,"$20,990"

2018 Mazda 3 SP25 GT,"$28,990"
2013 Mazda 3 NEO,"$18,990"
2014 Mazda 6 Atenza,"$20,990"
2019 Mazda 3 G25 GT,"$31,990"
2012 Mazda 3 NEO,"$11,990"
2013 Mazda 3 NEO,"$8,999"
2014 Mazda 3 NEO,"$15,980"
2010 Mazda 3 SP25,"$8,990"
2017 Mazda 3 Touring,"$22,998"
2009 Mazda 6 Classic,"$12,990"
2021 Mazda 6 Sport,"$37,999"
2016 Mazda 3 Maxx,"$22,999"
2019 Mazda 6 Atenza,"$39,977"

2021 Mazda 6 Touring,"$38,999"
2018 Mazda 2 NEO,"$21,999"
2018 Mazda 3 SP25 GT,"$27,888"
2009 Mazda 3 Maxx Sport,"$10,999"
2021 Mazda 3 G20 Pure,"$27,990"
2016 Mazda 6 Atenza,"$29,998"
2020 Mazda 6 GT,"$39,888"
2017 Mazda 6 GT,"$31,990"
2021 Mazda 2 G15 Pure,"$27,990"
2014 Mazda 3 SP25 GT,"$14,999"
2018 Mazda 3 SP25 GT,"$27,990"
2020 Mazda 6 Touring,"$39,989"
2022 Mazda 6 Atenza,"$48,990"

2018 Mazda 3 Maxx Sport (5YR),"$26,998"
2018 Mazda 6 GT,"$37,999"
2019 Mazda 6 Atenza,"$37,989"
2018 Mazda 6 Atenza,"$31,808"
2019 Mazda 3 G20 Touring,"$31,488"
2015 Mazda 3 SP25,"$19,955"
2015 Mazda 3 SP25 GT,"$26,990"
2014 Mazda 3 Maxx,"$17,990"
2016 Mazda 3 Maxx,"$19,984"
2021 Mazda 6 GT SP,"$42,990"
2020 Mazda 3 G20 Touring,"$32,999"
2007 Mazda 6 Sports,"$8,990"
2018 Mazda 3 Maxx Sport,"$26,990"

2017 Mazda 3 SP25 GT,"$22,990"
2019 Mazda 3 SP25 GT (5YR),"$34,999"
2006 Mazda 3 SP23,"$9,500"
2021 Mazda 3 G20 Pure,"$29,990"
2016 Mazda 3 SP25 GT,"$19,490"
2007 Mazda 3 Maxx Sport,"$4,999"
2001 Mazda 323 Protege,"$7,990"
2014 Mazda 3 SP25,"$19,990"
2020 Mazda 3 G25 GT,"$36,999"
2017 Mazda 6 GT,"$32,999"
2013 Mazda 6 GT,"$19,988"
2006 Mazda 3 Maxx Sport,"$6,500"
2009 Mazda 6 Limited,"$12,985"

2014 Mazda 6 Atenza,"$21,981"
2016 Mazda 3 NEO,"$20,990"
2016 Mazda 3 NEO,"$18,998"
2013 Mazda 3 NEO,"$14,388"
2017 Mazda 6 Touring,"$27,981"
2007 Mazda 3 SP23,"$6,500"
2002 Mazda 323 Protege Sports Edition,"$4,500"
2015 Mazda 6 Touring,"$16,999"
2018 Mazda 3 SP25 Astina,"$28,990"
2020 Mazda 3 G25 Astina,"$41,990"
2009 Mazda 3 NEO,"$7,999"
2010 Mazda 2 Maxx,"$12,490"
2018 Mazda 2 NEO,"$17,990"

2002 Mazda 6 Luxury,"$5,990"
2014 Mazda 3 NEO,"$18,990"
2022 Mazda 3 G20 Pure,"$28,040"
2022 Mazda 3 G20 Pure Vision,"$29,540"
2022 Mazda 3 G20 Evolve,"$29,590"
2022 Mazda 3 G20 Pure,"$27,040"
2022 Mazda 3 G20 Evolve,"$28,590"
2022 Mazda 2 G15 Pure,"$23,390"
2022 Mazda 3 G20E Evolve Mhev Vision,"$33,340"
2022 Mazda 3 G25 Evolve SP,"$32,990"
2022 Mazda 3 G25 Evolve SP Vision,"$34,490"
2022 Mazda 3 G20 Touring Vision,"$33,590"
2022 Mazda 3 G20 Evolve Vision,"$31,090"

2022 Mazda 6 GT SP,"$47,320"
2022 Mazda 3 G20 Touring,"$32,090"
2022 Mazda 6 Sport,"$35,120"
2022 Mazda 3 G25 GT,"$36,690"
2022 Mazda 6 Touring,"$39,520"
2022 Mazda 2 G15 GT,"$26,490"
2022 Mazda 3 G25 GT Vision,"$38,190"
2022 Mazda 3 G20 Touring,"$31,090"
2022 Mazda 3 G25 Evolve SP,"$31,990"
2022 Mazda 6 Atenza,"$50,720"
2022 Mazda 3 X20 Astina M Hybrid,"$43,190"
2022 Mazda 3 G25 GT,"$35,690"
2022 Mazda 3 G25 Astina,"$40,190"

2022 Mazda 3 G25 Astina,"$39,190"
2022 Mazda 3 G25 Evolve SP,"$37,188"
2017 Mazda 3 Maxx,"$23,950"
2008 Mazda 3 NEO,"$7,950"
2021 Mazda 3 G20 Touring,"$35,999"
2010 Mazda 3 SP25,"$14,995"
2015 Mazda 3 Maxx,"$15,990"
2014 Mazda 3 SP25 Astina,"$19,990"
2014 Mazda 6 Touring,"$21,888"
2017 Mazda 3 SP25,"$24,990"
2012 Mazda 6 Touring,"$16,990"
2008 Mazda 6 Luxury,"$10,999"
2010 Mazda 3 NEO,"$10,999"

2022 Mazda 3 G25 Astina,"$44,490"
2005 Mazda 6 Limited,"$8,990"
2004 Mazda 6 Limited,"$4,999"
2008 Mazda 3 NEO,"$5,995"
2022 Mazda 6 Atenza,"$56,512"
2022 Mazda 6 GT SP,"$52,107"
2022 Mazda 6 Touring,"$43,819"
2022 Mazda 6 GT SP,"$52,942"
2022 Mazda 6 GT SP,"$52,107"
2021 Mazda 3 G25 Astina,"$38,990"
2010 Mazda 3 NEO,"$9,949"
2016 Mazda 3 SP25 Astina,"$22,950"
2019 Mazda 3 G20 Pure,"$26,000"

2016 Mazda 3 NEO,"$16,990"
2010 Mazda 3 SP25,"$8,400"
2015 Mazda 3 SP25,"$21,999"
2011 Mazda 3 SP20 Skyactiv,"$13,000"
2015 Mazda 3 Maxx,"$17,990"
2015 Mazda 6 Touring,"$24,500"
2004 Mazda 3 Maxx Sport,"$4,500"
2011 Mazda 3 NEO,"$8,995"
2016 Mazda 3 Touring,"$19,990"
2019 Mazda 6 Touring,"$33,190"
2013 Mazda 6 GT,"$17,880"
2012 Mazda 6 Touring,"$14,990"
2005 Mazda 3 SP23,"$5,750"

2010 Mazda 3 SP25,"$6,950"
2018 Mazda 3 SP25 GT,"$27,990"
2011 Mazda 6 Classic,"$17,500"
2016 Mazda 3 NEO,"$19,999"
2017 Mazda 3 SP25 GT,"$26,995"
2012 Mazda 3 NEO,"$13,999"
2015 Mazda 6 Atenza,"$21,980"
2011 Mazda 3 NEO,"$12,999"
2004 Mazda 6 Luxury,"$10,000"
2006 Mazda 3 Maxx,"$4,850"
2020 Mazda 3 G20 Pure,"$29,990"
2005 Mazda 6 Classic,"$2,999"
2017 Mazda 6 Touring,"$28,990"

2017 Mazda 2 Maxx,"$21,990"
2002 Mazda 626 Classic,"$4,900"
1975 Mazda RX-3 Deluxe,"$78,880"
2000 Mazda 323 Protege,"$3,550"
2022 Mazda 6 Atenza,"$55,677"
2005 Mazda 3 Maxx,"$5,999"
2020 Mazda 3 G20 Pure,"$31,888"
2018 Mazda 6 Atenza,"$34,950"
2004 Mazda 6 Classic,"$5,133"
2014 Mazda 6 Touring,"$21,990"
2022 Mazda 6 Touring,"$42,880"
2022 Mazda 6 Atenza,"$55,680"
2005 Mazda 3 NEO,"$8,990"

2022 Mazda 2 G15 GT,"$30,339"
2010 Mazda 3 Maxx,"$7,900"
2015 Mazda 6 Touring,"$18,000"
2016 Mazda 3 NEO,"$16,990"
2014 Mazda 3 SP25 GT,"$19,990"
2016 Mazda 3 SP25 GT,"$17,990"
2014 Mazda 3 Maxx Sport,"$14,990"
2005 Mazda 3 SP23,"$9,990"
2013 Mazda 3 NEO,"$10,000"
2018 Mazda 3 SP25 (5YR),"$19,990"
2016 Mazda 6 Sport,"$21,000"
2004 Mazda 6 Classic,"$5,000"
2018 Mazda 3 Touring (5YR),"$24,990"

2011 Mazda 6 Classic,"$10,000"
2013 Mazda 3 NEO,"$7,700"
2005 Mazda 6 Classic,"$4,988"
2020 Mazda 3 G20 Evolve,"$29,999"
2014 Mazda 3 Maxx,"$15,498"
2012 Mazda 3 NEO,"$14,999"
2015 Mazda 6 Sport,"$18,990"
2016 Mazda 3 SP25,"$24,950"
2022 Mazda 6 GT SP,"$50,950"
2016 Mazda 6 Touring,"$24,990"
2015 Mazda 3 SP25 GT,"$24,450"
2007 Mazda 3 SP23,"$7,999"
2021 Mazda 3 G25 Evolve SP,"$36,950"

2013 Mazda 3 NEO,"$17,490"
2022 Mazda 6 GT SP,"$51,456"
2011 Mazda 3 Maxx Sport,POA
2019 Mazda 3 Maxx Sport (5YR),"$22,000"
2010 Mazda 3 SP25,"$11,990"
2010 Mazda 3 NEO,"$8,990"
2009 Mazda 3 Maxx,"$10,990"
2009 Mazda 3 SP25,"$8,990"
2009 Mazda 3 Maxx Sport,"$10,989"
2007 Mazda 6 Classic,"$8,990"
2005 Mazda 3 SP23,"$8,995"
2017 Mazda 6 Touring,"$31,990"
2008 Mazda 3 Maxx Sport,"$7,200"

2021 Mazda 3 X20 Astina M Hybrid,"$45,450"
2011 Mazda 3 NEO,"$7,999"
2012 Mazda 3 NEO,"$10,990"
2015 Mazda 3 Maxx,"$23,990"
2014 Mazda 3 Maxx,"$16,999"
2012 Mazda 3 NEO,"$12,330"
2013 Mazda 3 Maxx Sport,"$12,990"
2018 Mazda 3 SP25 GT,"$27,450"
2016 Mazda 3 Maxx,"$21,990"
2008 Mazda 6 Classic,"$8,990"
2008 Mazda 6,"$9,800"
2018 Mazda 2 Maxx,"$27,390"
2015 Mazda 6 GT,"$28,813"

2016 Mazda 3 NEO,"$19,990"
2018 Mazda 6 Touring,"$34,950"
2022 Mazda 2 G15 GT,"$30,601"
2019 Mazda 3 G25 Astina,"$33,450"
2007 Mazda 3 NEO,"$9,990"
2004 Mazda 3 Maxx,"$6,987"
2013 Mazda 3 NEO,"$7,700"
2019 Mazda 6 Atenza,"$40,990"
2015 Mazda 3 SP25 GT,"$19,490"
2018 Mazda 6 GT,"$35,190"
2014 Mazda 6 Atenza,"$20,290"
2010 Mazda 2 Maxx,"$12,999"
2019 Mazda 6 Atenza (5YR),"$29,990"

1999 Mazda 323 Protege,"$6,790"
2016 Mazda 3 Maxx,"$17,990"
2008 Mazda 3 Maxx Sport,$800
2018 Mazda 3 Maxx Sport,"$27,940"
2014 Mazda 3 Maxx Sport,"$21,999"
2021 Mazda 6 GT SP,"$47,990"
2019 Mazda 3 NEO Sport (5YR),"$16,000"
2009 Mazda 3 SP25,"$7,900"
2006 Mazda 3 NEO,"$5,990"
2012 Mazda 3 Maxx Sport,"$11,900"
2014 Mazda 3 Maxx,"$19,999"
2014 Mazda 3 Maxx,"$21,990"
2013 Mazda 6 Atenza,"$11,900"

2007 Mazda 6 Classic,"$7,500"
1999 Mazda 323 Protege Shades,"$5,998"
2017 Mazda 6 Sport,"$24,925"
2013 Mazda 6 Atenza,"$17,610"
2008 Mazda 3 NEO Sport,"$13,999"
2011 Mazda 3 NEO,"$15,999"
2008 Mazda 6 Luxury,"$10,990"
2007 Mazda 3 Diesel,"$9,999"
2015 Mazda 3 Maxx,"$15,999"
2011 Mazda 3 NEO,"$9,990"
2004 Mazda 3 Maxx Sport,"$4,400"
2010 Mazda 6 Limited,"$13,999"
2008 Mazda 3 NEO,"$8,990"

2007 Mazda 3 NEO,"$8,999"
2015 Mazda 3 SP25 GT,"$21,000"
2020 Mazda 3 G20 Pure,"$27,500"
2017 Mazda 6 Sport,"$18,000"
2012 Mazda 6 Touring,"$13,890"
2010 Mazda 3 NEO,"$11,990"
2017 Mazda 3 Maxx,"$24,166"
2016 Mazda 3 NEO,"$15,000"
2014 Mazda 3 Maxx,"$18,490"
2007 Mazda 6 Classic,"$8,250"
2021 Mazda 3 G25 Astina 100TH Anniversary,"$31,999"
2012 Mazda 3 NEO,"$8,750"
1999 Mazda 626 Classic,"$6,499"

2005 Mazda 6 Limited,"$5,899"
2020 Mazda 3 G20 Touring,"$34,990"
2021 Mazda 6 Touring,"$39,992"
2005 Mazda 3 NEO,"$5,999"
2004 Mazda 3 Maxx Sport,"$4,500"
2005 Mazda 3 SP23,"$5,999"
2010 Mazda 6 Classic,"$7,000"
2001 Mazda 323 Protege,"$3,500"
1999 Mazda 323 Protege,"$3,999"
2012 Mazda 3 Maxx Sport,"$13,990"
2021 Mazda 6 Sport,"$33,990"
2018 Mazda 3 SP25 (5YR),"$24,990"
2017 Mazda 3 SP25 GT,"$28,990"

2016 Mazda 6 Atenza,"$32,990"
2018 Mazda 3 Maxx Sport (5YR),"$26,990"
2013 Mazda 3 NEO,"$7,599"
2006 Mazda 3 NEO,POA
2019 Mazda 3 G25 Evolve,"$29,000"
2004 Mazda 3 NEO,"$5,990"
2000 Mazda 323 Protege 2000 Limited Edition,"$5,990"
2016 Mazda 3 Maxx,"$19,990"
2022 Mazda 3 G20 Touring,"$35,754"
2022 Mazda 3 G25 Astina,"$44,710"
2018 Mazda 3 Maxx Sport,"$24,990"
2022 Mazda 6 Atenza,"$54,945"
2022 Mazda 6 GT SP,"$51,443"

2022 Mazda 6 Touring,"$43,409"
2022 Mazda 6 Touring,"$43,409"
2013 Mazda 3 SP25,"$19,990"
2012 Mazda 3 NEO,"$11,990"
2022 Mazda 3 G25 Astina,"$44,000"
2007 Mazda 6 Sports,"$5,990"
2004 Mazda 6 Limited,"$6,990"
2006 Mazda 3 Maxx,"$10,990"
2019 Mazda 3 G25 Astina,"$36,450"
2009 Mazda 3 Maxx,POA
2013 Mazda 6 GT,"$24,880"
2010 Mazda 3 Maxx,"$8,300"
2015 Mazda 3 SP25,"$22,000"

2008 Mazda 3 Maxx,"$7,300"
2009 Mazda 6 Classic,"$10,990"
2013 Mazda 3 SP25,"$13,990"
2008 Mazda 6 Luxury,"$9,999"
2018 Mazda 6 Touring,"$28,990"
2004 Mazda 3 Maxx,"$4,200"
2004 Mazda 3 SP23,"$6,990"
1995 Mazda 121,"$2,990"
2014 Mazda 3 NEO,"$23,990"
2009 Mazda 3 NEO,"$12,888"
2015 Mazda 3 Maxx,"$19,998"
2016 Mazda 3 Maxx,"$21,988"
2005 Mazda 3 NEO,"$3,999"

2015 Mazda 3 Maxx,"$24,650"
2007 Mazda 6 Classic,"$8,100"
2000 Mazda 323 Protege,"$2,499"
2006 Mazda 6 Luxury,"$7,999"
2018 Mazda 3 Maxx Sport,"$24,990"
2019 Mazda 3 SP25 Astina (5YR),"$25,988"
2017 Mazda 3 Touring,"$24,990"
2015 Mazda 2 NEO,"$16,995"
2019 Mazda 3 G25 GT,"$32,990"
2022 Mazda 2 G15 GT,"$29,986"
2022 Mazda 3 G25 Evolve SP,"$36,681"
2022 Mazda 6 Atenza,POA
2013 Mazda 3 NEO,"$12,990"

2009 Mazda 3 NEO Sport,"$9,990"
2019 Mazda 3 G25 Evolve,"$29,990"
2013 Mazda 6 Sport,"$19,990"
2018 Mazda 3 NEO Sport,"$16,999"
2017 Mazda 3 Maxx,"$20,000"
2013 Mazda 6 GT,"$17,999"
2007 Mazda 3 Diesel,"$5,750"
2009 Mazda 6 Classic,"$9,990"
2009 Mazda 6 Classic,"$9,990"
2007 Mazda 3 NEO,"$7,990"
2014 Mazda 3 NEO,"$19,990"
2009 Mazda 3 SP25,"$8,970"
2019 Mazda 3 SP25 GT (5YR),"$28,988"

2006 Mazda 3 Maxx,"$4,990"
2007 Mazda 3 NEO,"$4,980"
2018 Mazda 3 Touring,"$24,990"
2015 Mazda 3 Touring,"$17,990"
2018 Mazda 2 Maxx,"$21,999"
2006 Mazda 3 SP23,"$6,990"
2008 Mazda 3 Maxx Sport,"$8,499"
2019 Mazda 2 Maxx (5YR),"$19,999"
2011 Mazda 3 SP20 Skyactiv,"$12,490"
2015 Mazda 3 NEO,"$15,990"
2013 Mazda 6 GT,"$18,990"
2015 Mazda 6 Sport Safety,"$13,000"
2018 Mazda 3 Maxx Sport,"$22,990"

1996 Mazda 323 Protege,"$4,970"
2019 Mazda 3 G20 Touring,"$27,490"
2019 Mazda 6 GT,"$36,750"
2006 Mazda 6 Classic,"$9,970"
2007 Mazda 3 NEO,"$8,970"
2010 Mazda 3 NEO,"$6,990"
2010 Mazda 3 Maxx Sport,"$7,600"
2006 Mazda 3 NEO,"$6,990"
2004 Mazda 6 Classic,"$5,750"
2004 Mazda 3 NEO,"$9,990"
2006 Mazda 3 Maxx Sport,"$8,990"
2005 Mazda 3 SP23,"$8,990"
2022 Mazda 3 G25 Astina,"$43,990"

2008 Mazda 3 NEO Sport,"$7,990"
2001 Mazda 323 Protege,"$5,990"
2014 Mazda 6 Touring,"$18,990"

Model,Price
2016 Mazda 2 Maxx,"$15,995"
2009 Mazda 3 NEO,"$10,888"
2018 Mazda 3 SP25 Astina (5YR),"$29,990"
2010 Mazda 3 Maxx,"$10,995"
2015 Mazda 6 Touring,"$22,998"
2005 Mazda 3 SP23,"$8,690"
2011 Mazda 3 SP25,"$14,990"
2008 Mazda 3 Maxx,"$7,990"
2017 Mazda 6 Atenza,"$29,995"
2006 Mazda 3 SP23,"$4,990"
2020 Mazda 3 G20 Evolve Vision,"$24,990"
2015 Mazda 3 Touring,"$19,990"
2018 Mazda 2 NEO,"$19,990"
